Timestamp,SourceNode,ContactedNode
Sun Jan 07 18:21:32 GMT+01:00 2024,04:D1:3A:60:45:AB,20:34:FB:ED:94:5D
Sun Jan 07 18:21:33 GMT+01:00 2024,04:D1:3A:60:45:AB,F4:60:E2:DB:73:29
Sun Jan 07 18:21:33 GMT+01:00 2024,04:D1:3A:60:45:AB,F4:CB:52:73:DD:23
Sun Jan 07 18:21:33 GMT+01:00 2024,04:D1:3A:60:45:AB,0C:C6:FD:1E:63:2B
Sun Jan 07 18:21:41 GMT+01:00 2024,04:D1:3A:60:45:AB,20:34:FB:ED:94:5D
Sun Jan 07 18:22:03 GMT+01:00 2024,04:D1:3A:60:45:AB,20:34:FB:ED:94:5D
Sun Jan 07 18:22:08 GMT+01:00 2024,04:D1:3A:60:45:AB,F4:CB:52:73:DD:23
Sun Jan 07 18:22:10 GMT+01:00 2024,04:D1:3A:60:45:AB,20:34:FB:ED:94:5D
Sun Jan 07 18:22:20 GMT+01:00 2024,04:D1:3A:60:45:AB,0C:C6:FD:1E:63:2B
Sun Jan 07 18:22:31 GMT+01:00 2024,04:D1:3A:60:45:AB,F4:CB:52:73:DD:23
Sun Jan 07 18:22:34 GMT+01:00 2024,04:D1:3A:60:45:AB,20:34:FB:ED:94:5D
Sun Jan 07 18:22:37 GMT+01:00 2024,04:D1:3A:60:45:AB,F4:CB:52:73:DD:23
Sun Jan 07 18:22:41 GMT+01:00 2024,04:D1:3A:60:45:AB,F4:CB:52:73:DD:23
Sun Jan 07 18:22:45 GMT+01:00 2024,04:D1:3A:60:45:AB,F4:60:E2:DB:73:29
Sun Jan 07 18:22:50 GMT+01:00 2024,04:D1:3A:60:45:AB,F4:60:E2:DB:73:29
Sun Jan 07 18:22:50 GMT+01:00 2024,04:D1:3A:60:45:AB,20:34:FB:ED:94:5D
Sun Jan 07 18:23:01 GMT+01:00 2024,04:D1:3A:60:45:AB,F4:60:E2:DB:73:29
Sun Jan 07 18:23:07 GMT+01:00 2024,04:D1:3A:60:45:AB,F4:CB:52:73:DD:23
Sun Jan 07 18:23:17 GMT+01:00 2024,04:D1:3A:60:45:AB,20:34:FB:ED:94:5D
Sun Jan 07 18:23:22 GMT+01:00 2024,04:D1:3A:60:45:AB,0C:C6:FD:1E:63:2B
Sun Jan 07 18:23:34 GMT+01:00 2024,04:D1:3A:60:45:AB,20:34:FB:ED:94:5D
Sun Jan 07 18:23:43 GMT+01:00 2024,04:D1:3A:60:45:AB,0C:C6:FD:1E:63:2B
Sun Jan 07 18:24:01 GMT+01:00 2024,04:D1:3A:60:45:AB,F4:CB:52:73:DD:23
Sun Jan 07 18:24:03 GMT+01:00 2024,04:D1:3A:60:45:AB,F4:60:E2:DB:73:29
Sun Jan 07 18:24:11 GMT+01:00 2024,04:D1:3A:60:45:AB,F4:CB:52:73:DD:23
Sun Jan 07 18:24:20 GMT+01:00 2024,04:D1:3A:60:45:AB,0C:C6:FD:1E:63:2B
Sun Jan 07 18:24:38 GMT+01:00 2024,04:D1:3A:60:45:AB,F4:CB:52:73:DD:23
Sun Jan 07 18:24:42 GMT+01:00 2024,04:D1:3A:60:45:AB,F4:60:E2:DB:73:29
Sun Jan 07 18:24:50 GMT+01:00 2024,04:D1:3A:60:45:AB,0C:C6:FD:1E:63:2B
Sun Jan 07 18:24:53 GMT+01:00 2024,04:D1:3A:60:45:AB,20:34:FB:ED:94:5D
Sun Jan 07 18:25:07 GMT+01:00 2024,04:D1:3A:60:45:AB,F4:60:E2:DB:73:29
Sun Jan 07 18:25:10 GMT+01:00 2024,04:D1:3A:60:45:AB,F4:60:E2:DB:73:29
Sun Jan 07 18:25:12 GMT+01:00 2024,04:D1:3A:60:45:AB,F4:CB:52:73:DD:23
Sun Jan 07 18:25:30 GMT+01:00 2024,04:D1:3A:60:45:AB,F4:CB:52:73:DD:23
Sun Jan 07 18:25:49 GMT+01:00 2024,04:D1:3A:60:45:AB,0C:C6:FD:1E:63:2B
Sun Jan 07 18:25:50 GMT+01:00 2024,04:D1:3A:60:45:AB,F4:60:E2:DB:73:29
Sun Jan 07 18:25:52 GMT+01:00 2024,04:D1:3A:60:45:AB,0C:C6:FD:1E:63:2B
Sun Jan 07 18:25:56 GMT+01:00 2024,04:D1:3A:60:45:AB,20:34:FB:ED:94:5D
Sun Jan 07 18:26:08 GMT+01:00 2024,04:D1:3A:60:45:AB,F4:CB:52:73:DD:23
Sun Jan 07 18:26:08 GMT+01:00 2024,04:D1:3A:60:45:AB,F4:60:E2:DB:73:29
Sun Jan 07 18:26:14 GMT+01:00 2024,04:D1:3A:60:45:AB,F4:60:E2:DB:73:29
Sun Jan 07 18:26:23 GMT+01:00 2024,04:D1:3A:60:45:AB,F4:CB:52:73:DD:23
Sun Jan 07 18:26:26 GMT+01:00 2024,04:D1:3A:60:45:AB,20:34:FB:ED:94:5D
Sun Jan 07 18:26:35 GMT+01:00 2024,04:D1:3A:60:45:AB,0C:C6:FD:1E:63:2B
Sun Jan 07 18:26:50 GMT+01:00 2024,04:D1:3A:60:45:AB,F4:CB:52:73:DD:23
Sun Jan 07 18:26:58 GMT+01:00 2024,04:D1:3A:60:45:AB,F4:60:E2:DB:73:29
Sun Jan 07 18:27:03 GMT+01:00 2024,04:D1:3A:60:45:AB,20:34:FB:ED:94:5D
Sun Jan 07 18:27:06 GMT+01:00 2024,04:D1:3A:60:45:AB,F4:CB:52:73:DD:23
Sun Jan 07 18:27:13 GMT+01:00 2024,04:D1:3A:60:45:AB,20:34:FB:ED:94:5D
Sun Jan 07 18:27:16 GMT+01:00 2024,04:D1:3A:60:45:AB,20:34:FB:ED:94:5D
Sun Jan 07 18:27:25 GMT+01:00 2024,04:D1:3A:60:45:AB,F4:CB:52:73:DD:23
Sun Jan 07 18:27:26 GMT+01:00 2024,04:D1:3A:60:45:AB,20:34:FB:ED:94:5D
Sun Jan 07 18:27:39 GMT+01:00 2024,04:D1:3A:60:45:AB,F4:CB:52:73:DD:23
Sun Jan 07 18:27:40 GMT+01:00 2024,04:D1:3A:60:45:AB,0C:C6:FD:1E:63:2B
Sun Jan 07 18:27:41 GMT+01:00 2024,04:D1:3A:60:45:AB,F4:60:E2:DB:73:29
Sun Jan 07 18:27:43 GMT+01:00 2024,04:D1:3A:60:45:AB,20:34:FB:ED:94:5D
Sun Jan 07 18:28:17 GMT+01:00 2024,04:D1:3A:60:45:AB,F4:CB:52:73:DD:23
Sun Jan 07 18:28:40 GMT+01:00 2024,04:D1:3A:60:45:AB,20:34:FB:ED:94:5D
Sun Jan 07 18:28:50 GMT+01:00 2024,04:D1:3A:60:45:AB,F4:60:E2:DB:73:29
Sun Jan 07 18:28:50 GMT+01:00 2024,04:D1:3A:60:45:AB,0C:C6:FD:1E:63:2B
Sun Jan 07 18:29:04 GMT+01:00 2024,04:D1:3A:60:45:AB,0C:C6:FD:1E:63:2B
Sun Jan 07 18:29:07 GMT+01:00 2024,04:D1:3A:60:45:AB,F4:CB:52:73:DD:23
Sun Jan 07 18:29:11 GMT+01:00 2024,04:D1:3A:60:45:AB,F4:CB:52:73:DD:23
Sun Jan 07 18:29:11 GMT+01:00 2024,04:D1:3A:60:45:AB,F4:CB:52:73:DD:23
Sun Jan 07 18:29:16 GMT+01:00 2024,04:D1:3A:60:45:AB,20:34:FB:ED:94:5D
Sun Jan 07 18:29:28 GMT+01:00 2024,04:D1:3A:60:45:AB,0C:C6:FD:1E:63:2B
Sun Jan 07 18:29:31 GMT+01:00 2024,04:D1:3A:60:45:AB,F4:CB:52:73:DD:23
Sun Jan 07 18:29:40 GMT+01:00 2024,04:D1:3A:60:45:AB,20:34:FB:ED:94:5D
Sun Jan 07 18:29:46 GMT+01:00 2024,04:D1:3A:60:45:AB,F4:60:E2:DB:73:29
Sun Jan 07 18:29:49 GMT+01:00 2024,04:D1:3A:60:45:AB,0C:C6:FD:1E:63:2B
Sun Jan 07 18:29:49 GMT+01:00 2024,04:D1:3A:60:45:AB,F4:CB:52:73:DD:23
Sun Jan 07 18:29:52 GMT+01:00 2024,04:D1:3A:60:45:AB,0C:C6:FD:1E:63:2B
Sun Jan 07 18:29:54 GMT+01:00 2024,04:D1:3A:60:45:AB,F4:60:E2:DB:73:29
Sun Jan 07 18:30:11 GMT+01:00 2024,04:D1:3A:60:45:AB,F4:60:E2:DB:73:29
Sun Jan 07 18:30:32 GMT+01:00 2024,04:D1:3A:60:45:AB,F4:CB:52:73:DD:23
Sun Jan 07 18:30:43 GMT+01:00 2024,04:D1:3A:60:45:AB,0C:C6:FD:1E:63:2B
Sun Jan 07 18:30:55 GMT+01:00 2024,04:D1:3A:60:45:AB,F4:60:E2:DB:73:29
Sun Jan 07 18:31:14 GMT+01:00 2024,04:D1:3A:60:45:AB,F4:CB:52:73:DD:23
Sun Jan 07 18:31:23 GMT+01:00 2024,04:D1:3A:60:45:AB,F4:60:E2:DB:73:29
Sun Jan 07 18:31:23 GMT+01:00 2024,04:D1:3A:60:45:AB,0C:C6:FD:1E:63:2B
Sun Jan 07 18:31:23 GMT+01:00 2024,04:D1:3A:60:45:AB,20:34:FB:ED:94:5D
Sun Jan 07 18:31:29 GMT+01:00 2024,04:D1:3A:60:45:AB,F4:CB:52:73:DD:23
Sun Jan 07 18:31:40 GMT+01:00 2024,04:D1:3A:60:45:AB,F4:CB:52:73:DD:23
Sun Jan 07 18:31:44 GMT+01:00 2024,04:D1:3A:60:45:AB,F4:60:E2:DB:73:29
Sun Jan 07 18:31:51 GMT+01:00 2024,04:D1:3A:60:45:AB,0C:C6:FD:1E:63:2B
Sun Jan 07 18:31:54 GMT+01:00 2024,04:D1:3A:60:45:AB,F4:CB:52:73:DD:23
Sun Jan 07 18:32:20 GMT+01:00 2024,04:D1:3A:60:45:AB,F4:60:E2:DB:73:29
Sun Jan 07 18:32:27 GMT+01:00 2024,04:D1:3A:60:45:AB,20:34:FB:ED:94:5D
Sun Jan 07 18:32:30 GMT+01:00 2024,04:D1:3A:60:45:AB,20:34:FB:ED:94:5D
Sun Jan 07 18:32:34 GMT+01:00 2024,04:D1:3A:60:45:AB,F4:CB:52:73:DD:23
Sun Jan 07 18:32:34 GMT+01:00 2024,04:D1:3A:60:45:AB,0C:C6:FD:1E:63:2B
Sun Jan 07 18:32:36 GMT+01:00 2024,04:D1:3A:60:45:AB,F4:60:E2:DB:73:29
Sun Jan 07 18:33:49 GMT+01:00 2024,04:D1:3A:60:45:AB,F4:CB:52:73:DD:23
Sun Jan 07 18:33:54 GMT+01:00 2024,04:D1:3A:60:45:AB,F4:CB:52:73:DD:23
Sun Jan 07 18:33:56 GMT+01:00 2024,04:D1:3A:60:45:AB,F4:CB:52:73:DD:23
Sun Jan 07 18:34:09 GMT+01:00 2024,04:D1:3A:60:45:AB,F4:CB:52:73:DD:23
Sun Jan 07 18:34:09 GMT+01:00 2024,04:D1:3A:60:45:AB,F4:60:E2:DB:73:29
Sun Jan 07 18:34:21 GMT+01:00 2024,04:D1:3A:60:45:AB,F4:60:E2:DB:73:29
Sun Jan 07 18:34:27 GMT+01:00 2024,04:D1:3A:60:45:AB,20:34:FB:ED:94:5D
Sun Jan 07 18:34:30 GMT+01:00 2024,04:D1:3A:60:45:AB,20:34:FB:ED:94:5D
Sun Jan 07 18:34:33 GMT+01:00 2024,04:D1:3A:60:45:AB,F4:CB:52:73:DD:23
Sun Jan 07 18:34:36 GMT+01:00 2024,04:D1:3A:60:45:AB,F4:60:E2:DB:73:29
Sun Jan 07 18:34:40 GMT+01:00 2024,04:D1:3A:60:45:AB,20:34:FB:ED:94:5D
Sun Jan 07 18:34:43 GMT+01:00 2024,04:D1:3A:60:45:AB,0C:C6:FD:1E:63:2B
Sun Jan 07 18:34:45 GMT+01:00 2024,04:D1:3A:60:45:AB,F4:CB:52:73:DD:23
Sun Jan 07 18:35:00 GMT+01:00 2024,04:D1:3A:60:45:AB,F4:60:E2:DB:73:29
Sun Jan 07 18:35:18 GMT+01:00 2024,04:D1:3A:60:45:AB,F4:CB:52:73:DD:23
Sun Jan 07 18:35:24 GMT+01:00 2024,04:D1:3A:60:45:AB,0C:C6:FD:1E:63:2B
Sun Jan 07 18:35:39 GMT+01:00 2024,04:D1:3A:60:45:AB,F4:CB:52:73:DD:23
Sun Jan 07 18:35:40 GMT+01:00 2024,04:D1:3A:60:45:AB,0C:C6:FD:1E:63:2B
Sun Jan 07 18:35:54 GMT+01:00 2024,04:D1:3A:60:45:AB,0C:C6:FD:1E:63:2B
Sun Jan 07 18:35:59 GMT+01:00 2024,04:D1:3A:60:45:AB,F4:CB:52:73:DD:23
Sun Jan 07 18:36:13 GMT+01:00 2024,04:D1:3A:60:45:AB,F4:CB:52:73:DD:23
Sun Jan 07 18:36:21 GMT+01:00 2024,04:D1:3A:60:45:AB,0C:C6:FD:1E:63:2B
Sun Jan 07 18:38:08 GMT+01:00 2024,04:D1:3A:60:45:AB,F4:60:E2:DB:73:29
Sun Jan 07 18:38:09 GMT+01:00 2024,04:D1:3A:60:45:AB,20:34:FB:ED:94:5D
Sun Jan 07 18:38:11 GMT+01:00 2024,04:D1:3A:60:45:AB,20:34:FB:ED:94:5D
Sun Jan 07 18:38:19 GMT+01:00 2024,04:D1:3A:60:45:AB,20:34:FB:ED:94:5D
Sun Jan 07 18:38:21 GMT+01:00 2024,04:D1:3A:60:45:AB,20:34:FB:ED:94:5D
Sun Jan 07 18:38:23 GMT+01:00 2024,04:D1:3A:60:45:AB,20:34:FB:ED:94:5D
Sun Jan 07 18:38:24 GMT+01:00 2024,04:D1:3A:60:45:AB,F4:60:E2:DB:73:29
Sun Jan 07 18:38:26 GMT+01:00 2024,04:D1:3A:60:45:AB,20:34:FB:ED:94:5D
Sun Jan 07 18:38:28 GMT+01:00 2024,04:D1:3A:60:45:AB,20:34:FB:ED:94:5D
Sun Jan 07 18:38:32 GMT+01:00 2024,04:D1:3A:60:45:AB,0C:C6:FD:1E:63:2B
Sun Jan 07 18:38:34 GMT+01:00 2024,04:D1:3A:60:45:AB,F4:60:E2:DB:73:29
Sun Jan 07 18:38:43 GMT+01:00 2024,04:D1:3A:60:45:AB,20:34:FB:ED:94:5D
Sun Jan 07 18:38:43 GMT+01:00 2024,04:D1:3A:60:45:AB,F4:60:E2:DB:73:29
Sun Jan 07 18:38:45 GMT+01:00 2024,04:D1:3A:60:45:AB,20:34:FB:ED:94:5D
Sun Jan 07 18:38:48 GMT+01:00 2024,04:D1:3A:60:45:AB,0C:C6:FD:1E:63:2B
Sun Jan 07 18:38:54 GMT+01:00 2024,04:D1:3A:60:45:AB,0C:C6:FD:1E:63:2B
Sun Jan 07 18:38:55 GMT+01:00 2024,04:D1:3A:60:45:AB,20:34:FB:ED:94:5D
Sun Jan 07 18:38:58 GMT+01:00 2024,04:D1:3A:60:45:AB,20:34:FB:ED:94:5D
Sun Jan 07 18:39:00 GMT+01:00 2024,04:D1:3A:60:45:AB,20:34:FB:ED:94:5D
Sun Jan 07 18:39:01 GMT+01:00 2024,04:D1:3A:60:45:AB,0C:C6:FD:1E:63:2B
Sun Jan 07 18:39:03 GMT+01:00 2024,04:D1:3A:60:45:AB,F4:60:E2:DB:73:29
Sun Jan 07 18:39:05 GMT+01:00 2024,04:D1:3A:60:45:AB,20:34:FB:ED:94:5D
Sun Jan 07 18:39:15 GMT+01:00 2024,04:D1:3A:60:45:AB,0C:C6:FD:1E:63:2B
Sun Jan 07 18:39:15 GMT+01:00 2024,04:D1:3A:60:45:AB,20:34:FB:ED:94:5D
Sun Jan 07 18:39:21 GMT+01:00 2024,04:D1:3A:60:45:AB,0C:C6:FD:1E:63:2B
Sun Jan 07 18:39:23 GMT+01:00 2024,04:D1:3A:60:45:AB,F4:60:E2:DB:73:29
Sun Jan 07 18:39:25 GMT+01:00 2024,04:D1:3A:60:45:AB,20:34:FB:ED:94:5D
Sun Jan 07 18:39:26 GMT+01:00 2024,04:D1:3A:60:45:AB,0C:C6:FD:1E:63:2B
Sun Jan 07 18:39:40 GMT+01:00 2024,04:D1:3A:60:45:AB,20:34:FB:ED:94:5D
Sun Jan 07 18:39:40 GMT+01:00 2024,04:D1:3A:60:45:AB,F4:CB:52:73:DD:23
Sun Jan 07 18:39:52 GMT+01:00 2024,04:D1:3A:60:45:AB,20:34:FB:ED:94:5D
Sun Jan 07 18:40:04 GMT+01:00 2024,04:D1:3A:60:45:AB,20:34:FB:ED:94:5D
Sun Jan 07 18:40:05 GMT+01:00 2024,04:D1:3A:60:45:AB,0C:C6:FD:1E:63:2B
Sun Jan 07 18:40:09 GMT+01:00 2024,04:D1:3A:60:45:AB,F4:CB:52:73:DD:23
Sun Jan 07 18:40:09 GMT+01:00 2024,04:D1:3A:60:45:AB,20:34:FB:ED:94:5D
Sun Jan 07 18:40:12 GMT+01:00 2024,04:D1:3A:60:45:AB,F4:60:E2:DB:73:29
Sun Jan 07 18:40:15 GMT+01:00 2024,04:D1:3A:60:45:AB,0C:C6:FD:1E:63:2B
Sun Jan 07 18:40:22 GMT+01:00 2024,04:D1:3A:60:45:AB,20:34:FB:ED:94:5D
Sun Jan 07 18:40:31 GMT+01:00 2024,04:D1:3A:60:45:AB,0C:C6:FD:1E:63:2B
Sun Jan 07 18:40:37 GMT+01:00 2024,04:D1:3A:60:45:AB,F4:60:E2:DB:73:29
Sun Jan 07 18:40:44 GMT+01:00 2024,04:D1:3A:60:45:AB,0C:C6:FD:1E:63:2B
Sun Jan 07 18:40:50 GMT+01:00 2024,04:D1:3A:60:45:AB,F4:60:E2:DB:73:29
Sun Jan 07 18:40:52 GMT+01:00 2024,04:D1:3A:60:45:AB,20:34:FB:ED:94:5D
Sun Jan 07 18:40:56 GMT+01:00 2024,04:D1:3A:60:45:AB,0C:C6:FD:1E:63:2B
Sun Jan 07 18:41:36 GMT+01:00 2024,04:D1:3A:60:45:AB,F4:CB:52:73:DD:23
Sun Jan 07 18:41:38 GMT+01:00 2024,04:D1:3A:60:45:AB,20:34:FB:ED:94:5D
Sun Jan 07 18:41:45 GMT+01:00 2024,04:D1:3A:60:45:AB,F4:CB:52:73:DD:23
Sun Jan 07 18:41:49 GMT+01:00 2024,04:D1:3A:60:45:AB,20:34:FB:ED:94:5D
Sun Jan 07 18:41:55 GMT+01:00 2024,04:D1:3A:60:45:AB,20:34:FB:ED:94:5D
Sun Jan 07 18:42:03 GMT+01:00 2024,04:D1:3A:60:45:AB,20:34:FB:ED:94:5D
Sun Jan 07 18:42:05 GMT+01:00 2024,04:D1:3A:60:45:AB,F4:CB:52:73:DD:23
Sun Jan 07 18:42:11 GMT+01:00 2024,04:D1:3A:60:45:AB,F4:CB:52:73:DD:23
Sun Jan 07 18:42:13 GMT+01:00 2024,04:D1:3A:60:45:AB,20:34:FB:ED:94:5D
Sun Jan 07 18:42:17 GMT+01:00 2024,04:D1:3A:60:45:AB,F4:CB:52:73:DD:23
Sun Jan 07 18:42:19 GMT+01:00 2024,04:D1:3A:60:45:AB,0C:C6:FD:1E:63:2B
Sun Jan 07 18:42:26 GMT+01:00 2024,04:D1:3A:60:45:AB,20:34:FB:ED:94:5D
Sun Jan 07 18:42:33 GMT+01:00 2024,04:D1:3A:60:45:AB,F4:CB:52:73:DD:23
Sun Jan 07 18:42:33 GMT+01:00 2024,04:D1:3A:60:45:AB,20:34:FB:ED:94:5D
Sun Jan 07 18:42:40 GMT+01:00 2024,04:D1:3A:60:45:AB,20:34:FB:ED:94:5D
Sun Jan 07 18:42:49 GMT+01:00 2024,04:D1:3A:60:45:AB,F4:60:E2:DB:73:29
Sun Jan 07 18:42:52 GMT+01:00 2024,04:D1:3A:60:45:AB,20:34:FB:ED:94:5D
Sun Jan 07 18:43:01 GMT+01:00 2024,04:D1:3A:60:45:AB,0C:C6:FD:1E:63:2B
Sun Jan 07 18:43:03 GMT+01:00 2024,04:D1:3A:60:45:AB,0C:C6:FD:1E:63:2B
Sun Jan 07 18:43:10 GMT+01:00 2024,04:D1:3A:60:45:AB,0C:C6:FD:1E:63:2B
Sun Jan 07 18:43:10 GMT+01:00 2024,04:D1:3A:60:45:AB,F4:60:E2:DB:73:29
Sun Jan 07 18:43:12 GMT+01:00 2024,04:D1:3A:60:45:AB,20:34:FB:ED:94:5D
Sun Jan 07 18:43:29 GMT+01:00 2024,04:D1:3A:60:45:AB,F4:CB:52:73:DD:23
Sun Jan 07 18:43:30 GMT+01:00 2024,04:D1:3A:60:45:AB,0C:C6:FD:1E:63:2B
Sun Jan 07 18:43:37 GMT+01:00 2024,04:D1:3A:60:45:AB,F4:60:E2:DB:73:29
Sun Jan 07 18:43:51 GMT+01:00 2024,04:D1:3A:60:45:AB,20:34:FB:ED:94:5D
Sun Jan 07 18:43:56 GMT+01:00 2024,04:D1:3A:60:45:AB,F4:CB:52:73:DD:23
Sun Jan 07 18:43:59 GMT+01:00 2024,04:D1:3A:60:45:AB,0C:C6:FD:1E:63:2B
Sun Jan 07 18:44:08 GMT+01:00 2024,04:D1:3A:60:45:AB,F4:60:E2:DB:73:29
Sun Jan 07 18:44:09 GMT+01:00 2024,04:D1:3A:60:45:AB,20:34:FB:ED:94:5D
Sun Jan 07 18:44:37 GMT+01:00 2024,04:D1:3A:60:45:AB,F4:CB:52:73:DD:23
Sun Jan 07 18:45:10 GMT+01:00 2024,04:D1:3A:60:45:AB,20:34:FB:ED:94:5D
Sun Jan 07 18:45:11 GMT+01:00 2024,04:D1:3A:60:45:AB,0C:C6:FD:1E:63:2B
